,node1,node2,label
624,147,7867,0
928,250,1258,0
705,235,477,0
276,1109,2592,0
295,576,7775,0
779,640,2632,0
59,439,871,0
596,226,7296,0
951,1070,541,0
735,0,7450,0
363,678,611,0
781,309,459,0
649,225,318,0
444,567,2590,0
930,225,2604,0
548,508,7370,0
616,362,7325,0
672,315,5587,0
800,674,856,0
298,242,372,0
726,459,8283,0
702,212,4574,0
956,315,3950,0
297,348,210,0
866,254,574,0
670,238,7280,0
451,64,5404,0
864,921,1319,0
812,610,764,0
112,203,721,0
541,372,808,0
885,726,215,0
325,143,1276,0
202,379,918,0
432,1153,2570,0
433,666,1343,0
692,316,3278,0
904,823,434,0
119,618,675,0
475,445,7745,0
903,468,933,0
207,451,1272,0
159,583,512,0
27,196,261,0
724,615,7347,0
304,343,5751,0
761,741,7994,0
772,1110,7998,0
226,1034,462,0
863,1078,3807,0
238,985,456,0
802,343,4881,0
906,1134,7353,0
967,1049,5755,0
327,1126,4840,0
51,1075,2594,0
622,1031,2500,0
503,541,778,0
880,564,2687,0
313,262,1297,0
546,472,725,0
303,347,1778,0
910,29,23,0
673,93,8473,0
816,1153,4954,0
819,1097,3576,0
155,696,452,0
909,554,227,0
788,1023,1988,0
95,1071,7854,0
783,384,7594,0
530,944,3496,0
483,267,7509,0
337,417,1558,0
489,848,7532,0
559,564,4619,0
791,53,2262,0
162,956,949,0
157,1084,3448,0
465,346,3452,0
888,462,7297,0
217,3,8272,0
56,132,1271,0
289,188,1203,0
482,564,3847,0
111,537,495,0
822,402,7917,0
4,363,469,0
869,273,433,0
211,90,3554,0
242,251,5529,0
323,434,7188,0
333,865,7289,0
843,440,1217,0
554,346,3804,0
953,574,536,0
296,1100,3499,0
390,556,7302,0
399,1109,7940,0
206,490,7296,0
94,449,341,0
135,539,7370,0
838,1049,7351,0
806,456,552,0
315,498,540,0
682,260,539,0
578,1125,7995,0
334,856,723,0
875,1145,2480,0
944,991,3860,0
413,839,7315,0
190,162,1031,0
514,402,3432,0
855,308,3506,0
404,811,369,0
168,466,7608,0
448,1037,1808,0
307,180,1358,0
542,564,5000,0
28,456,155,0
789,496,7353,0
599,529,262,0
637,18,8784,0
70,721,227,0
438,1095,562,0
610,315,1679,0
668,698,7330,0
286,1126,7955,0
547,185,2736,0
37,341,7296,0
213,767,1102,0
992,384,1776,0
473,1074,3815,0
644,778,7268,0
30,88,2158,0
524,1019,139,0
978,569,747,0
794,1019,7949,0
895,871,469,0
591,1070,577,0
131,1155,7959,0
38,348,839,0
375,335,342,0
973,302,7303,0
797,602,2610,0
21,1054,1063,0
739,402,2570,0
511,68,7757,0
684,801,864,0
450,229,656,0
101,362,7076,0
899,1127,3950,0
82,1127,559,0
358,238,453,0
733,71,7461,0
564,1093,7713,0
669,983,3913,0
354,961,346,0
90,1153,7112,0
293,1084,2571,0
14,1119,4607,0
763,314,3341,0
373,466,7975,0
428,394,7912,0
633,1125,3409,0
163,130,1351,0
237,463,865,0
215,1096,7958,0
246,1119,2618,0
693,188,681,0
871,1102,1298,0
282,1069,3370,0
416,932,906,0
393,810,1121,0
498,397,7673,0
883,1049,944,0
602,314,7183,0
320,1122,1220,0
309,343,5770,0
12,1136,1801,0
868,218,7332,0
643,659,766,0
922,347,7330,0
232,1064,1083,0
279,1097,7688,0
188,337,7343,0
901,1119,4330,0
699,471,1283,0
412,218,509,0
553,369,616,0
714,1165,1048,0
915,252,1223,0
225,374,7268,0
265,673,7340,0
727,1064,8006,0
169,819,1327,0
523,254,7378,0
738,1031,3793,0
504,1031,7756,0
623,381,7272,0
23,314,7627,0
476,342,832,0
187,926,374,0
522,991,2592,0
939,406,7702,0
80,1176,7152,0
507,817,447,0
443,143,231,0
814,320,147,0
536,1048,4832,0
180,250,545,0
742,1155,7745,0
666,186,529,0
376,318,238,0
366,1043,7362,0
803,273,814,0
501,48,2994,0
266,1038,7860,0
383,886,864,0
167,856,337,0
946,642,3528,0
986,1123,7320,0
768,841,214,0
716,754,541,0
116,267,1320,0
197,1123,402,0
306,1031,2830,0
216,1078,3201,0
619,413,7995,0
747,1019,7878,0
798,1110,7745,0
614,1177,7859,0
259,1016,755,0
449,1142,1259,0
617,88,2209,0
969,308,7353,0
357,459,1288,0
158,564,7775,0
793,438,240,0
972,1109,2500,0
92,673,8283,0
605,149,1334,0
317,474,1007,0
857,252,770,0
89,402,7985,0
148,368,268,0
606,1057,7745,0
776,252,464,0
926,594,712,0
144,1052,7628,0
823,343,7829,0
613,1075,3469,0
753,1134,1777,0
833,421,7379,0
182,425,338,0
743,195,754,0
198,473,526,0
889,235,1312,0
457,253,694,0
419,1113,1213,0
401,1014,1274,0
387,314,7281,0
257,290,8012,0
845,656,692,0
990,1096,3276,0
947,653,245,0
9,225,2510,0
647,1034,7939,0
22,1135,7986,0
984,1134,1074,0
240,1126,1019,0
695,455,7335,0
322,244,233,0
459,286,2730,0
466,330,7334,0
138,721,860,0
952,3,5114,0
245,130,7351,0
382,1111,7471,0
748,832,7341,0
231,395,5769,0
260,448,7348,0
707,551,132,0
661,1024,7304,0
569,417,466,0
680,184,3186,0
64,265,865,0
825,473,7325,0
583,188,540,0
754,684,703,0
970,1069,2779,0
607,464,746,0
676,949,1280,0
179,549,354,0
756,478,7374,0
69,397,2591,0
757,918,249,0
604,75,1126,0
908,456,7998,0
837,369,329,0
340,320,8009,0
786,98,3010,0
582,341,844,0
574,363,241,0
379,1119,2632,0
689,913,434,0
391,588,3903,0
877,201,656,0
411,595,7350,0
481,473,7346,0
247,195,441,0
145,453,7375,0
40,1078,7908,0
477,229,1341,0
441,1078,4699,0
125,419,766,0
917,917,540,0
528,433,406,0
506,666,1814,0
736,1155,314,0
205,1127,1177,0
156,417,1357,0
840,195,3058,0
760,263,143,0
272,395,7315,0
484,865,7346,0
534,98,5298,0
79,1149,1074,0
280,376,7363,0
589,402,7312,0
664,848,893,0
319,1135,7335,0
721,64,2362,0
720,970,7988,0
508,160,5332,0
426,509,1236,0
345,217,2525,0
615,1093,417,0
54,268,181,0
750,944,355,0
86,57,7197,0
860,1137,7400,0
55,1031,2660,0
566,668,7100,0
957,240,7376,0
846,1048,1619,0
300,72,7101,0
224,451,574,0
200,1106,7345,0
85,1048,7594,0
678,347,3266,0
656,3,7464,0
924,1137,2590,0
137,602,3282,0
107,944,3283,0
785,1116,7375,0
328,1045,7353,0
787,264,3218,0
592,240,691,0
784,458,7361,0
913,1065,2864,0
149,680,659,0
423,991,2590,0
252,462,1232,0
471,253,267,0
638,1138,7356,0
532,1104,4950,0
239,1135,3903,0
725,1134,4772,0
966,1106,7373,0
893,602,7909,0
879,1155,2519,0
254,483,7301,0
762,454,916,0
3,567,2717,0
66,1097,3903,0
267,696,198,0
740,79,63,0
775,373,250,0
710,1031,7960,0
362,1074,3478,0
48,132,7942,0
321,835,1296,0
722,691,7368,0
603,806,473,0
555,893,1333,0
129,315,2605,0
152,1070,7303,0
671,1081,7538,0
527,559,7986,0
584,456,187,0
979,1109,970,0
53,449,1247,0
749,83,7458,0
531,340,7075,0
174,1104,2691,0
347,114,667,0
902,402,5595,0
925,440,897,0
218,1078,3404,0
920,892,7376,0
71,265,204,0
35,559,7972,0
839,1100,7373,0
113,1084,3488,0
141,544,584,0
882,771,208,0
456,233,537,0
894,193,335,0
701,183,7317,0
576,384,3522,0
346,835,841,0
954,242,591,0
181,458,342,0
494,155,4831,0
645,320,2730,0
635,681,615,0
991,933,1241,0
324,514,534,0
91,1149,7353,0
351,413,225,0
687,186,1227,0
406,234,549,0
330,1126,4951,0
110,186,346,0
927,151,1784,0
976,394,3281,0
769,219,1249,0
529,93,1381,0
697,371,848,0
519,554,7272,0
470,92,8540,0
19,181,1314,0
792,225,545,0
177,531,7272,0
348,357,4266,0
418,770,455,0
905,763,1291,0
965,53,85,0
136,854,1352,0
856,466,1145,0
817,1074,7901,0
118,376,7379,0
178,355,808,0
248,245,7949,0
305,392,7317,0
961,93,5264,0
461,220,463,0
612,1177,185,0
332,844,7912,0
499,352,1231,0
429,1075,3279,0
639,666,3426,0
11,184,7666,0
686,1078,1669,0
278,204,7285,0
771,588,3058,0
688,860,457,0
773,374,892,0
445,238,219,0
652,1096,2649,0
911,406,7189,0
896,417,251,0
326,395,1137,0
985,1010,3790,0
667,1048,3514,0
646,228,1296,0
464,583,186,0
694,669,7351,0
249,723,673,0
50,1107,857,0
593,955,961,0
121,417,667,0
595,379,421,0
853,1176,2882,0
844,187,928,0
958,1110,2584,0
674,358,854,0
78,652,656,0
881,215,1344,0
551,343,3226,0
117,83,1852,0
521,338,218,0
876,588,2530,0
801,454,767,0
731,422,2616,0
361,347,1676,0
204,569,729,0
570,338,811,0
389,309,7936,0
76,1098,7816,0
368,180,1278,0
371,594,3512,0
590,1038,7303,0
493,1031,7637,0
919,1048,4090,0
221,721,809,0
799,562,991,0
829,666,1328,0
847,181,851,0
243,251,1215,0
299,406,1783,0
439,218,677,0
640,729,225,0
963,1126,70,0
460,893,541,0
281,266,210,0
538,434,2436,0
732,780,1341,0
620,1031,4881,0
384,1109,7111,0
410,83,7101,0
453,533,7307,0
417,1098,3955,0
535,314,7957,0
993,1109,4558,0
10,541,1024,0
370,1097,151,0
543,316,1808,0
996,562,3265,0
948,31,8769,0
435,1023,1051,0
982,777,7376,0
994,470,220,0
741,1072,7327,0
403,675,7304,0
539,160,5822,0
744,1049,7603,0
262,241,7346,0
886,548,7361,0
938,848,7312,0
377,238,110,0
890,1064,7334,0
20,511,667,0
820,363,7296,0
236,1019,7305,0
186,865,7377,0
427,180,718,0
708,1177,1065,0
685,184,2491,0
462,555,7374,0
183,655,1366,0
657,651,694,0
715,231,1290,0
339,1156,3511,0
821,132,346,0
173,93,7819,0
349,674,181,0
728,1010,346,0
931,985,4952,0
988,576,3265,0
75,419,7317,0
109,236,1236,0
132,667,426,0
629,696,432,0
621,1023,2263,0
485,667,7897,0
998,573,1104,0
230,858,213,0
997,924,473,0
916,1153,1070,0
852,286,2616,0
227,245,661,0
884,1053,3792,0
342,1127,4907,0
285,1177,7771,0
808,258,727,0
338,459,589,0
862,590,132,0
873,1119,2738,0
999,1053,7771,0
770,234,1227,0
147,832,924,0
550,670,355,0
778,246,555,0
796,456,1034,0
662,421,130,0
490,64,2084,0
544,459,253,0
912,778,792,0
442,63,8686,0
60,314,2497,0
126,1128,7362,0
172,92,7039,0
630,594,3248,0
271,53,1619,0
454,151,374,0
660,1027,3846,0
114,309,3434,0
455,402,2668,0
372,188,832,0
752,210,1320,0
220,582,2606,0
308,286,3507,0
25,381,7947,0
288,499,7586,0
782,85,7457,0
628,822,1349,0
73,851,835,0
369,861,7321,0
214,1074,1136,0
850,478,1316,0
571,861,7586,0
87,755,204,0
653,251,686,0
918,515,7370,0
892,763,1190,0
344,576,3445,0
212,592,1257,0
154,77,5408,0
128,760,651,0
872,1098,7118,0
573,1016,7334,0
518,380,208,0
870,1144,1338,0
631,1154,3778,0
241,378,1352,0
907,1162,7992,0
968,726,7368,0
353,347,2575,0
311,1098,4370,0
758,726,1302,0
805,1065,3404,0
77,1149,4833,0
175,524,7330,0
312,594,7942,0
192,611,470,0
284,337,1325,0
356,1078,3979,0
7,1128,2605,0
718,851,792,0
737,247,7313,0
980,811,2508,0
709,1084,3442,0
133,237,7436,0
492,227,7374,0
170,456,548,0
458,1031,541,0
665,247,371,0
250,466,1335,0
381,1050,591,0
717,372,792,0
374,507,1347,0
302,163,1350,0
142,591,195,0
974,434,7340,0
723,184,727,0
228,747,302,0
47,1136,3442,0
841,1125,3497,0
36,254,7365,0
359,848,214,0
165,871,1333,0
32,204,7517,0
195,273,346,0
437,314,3860,0
634,210,699,0
52,75,8269,0
964,31,8762,0
18,1135,7931,0
120,592,695,0
818,308,1783,0
392,472,1349,0
960,1151,2727,0
561,618,149,0
283,1100,7971,0
447,323,2696,0
5,143,1317,0
67,143,912,0
581,562,2610,0
836,1014,7267,0
405,413,5826,0
223,835,1490,0
943,819,7375,0
568,498,216,0
219,760,1302,0
222,381,893,0
196,79,8655,0
572,268,114,0
502,1081,162,0
43,94,8436,0
867,1119,7947,0
386,315,5659,0
807,384,2721,0
552,93,2240,0
452,453,7949,0
700,98,8468,0
675,110,8272,0
479,457,1102,0
580,765,267,0
941,983,1151,0
495,1005,7366,0
567,818,849,0
655,339,7375,0
446,186,552,0
712,456,1021,0
811,526,445,0
255,351,7335,0
497,347,754,0
208,227,684,0
834,1157,3793,0
415,22,8757,0
360,253,684,0
659,195,132,0
765,201,463,0
537,234,246,0
654,531,211,0
395,89,8650,0
766,1156,7681,0
510,588,7654,0
16,274,1093,0
636,662,1294,0
407,477,462,0
690,1034,7990,0
575,991,2744,0
434,815,7360,0
93,286,7939,0
398,696,609,0
98,699,182,0
164,181,7321,0
585,264,2551,0
651,478,227,0
562,655,210,0
842,1100,7361,0
558,470,225,0
500,540,7628,0
971,132,441,0
124,956,858,0
193,238,653,0
691,1156,2607,0
191,1053,7947,0
234,421,7305,0
935,573,3227,0
81,1072,540,0
201,1119,2660,0
275,447,889,0
61,316,5822,0
44,854,7369,0
929,927,1263,0
140,394,2516,0
865,71,7482,0
472,188,7347,0
942,674,7363,0
335,712,7375,0
160,588,3502,0
950,708,541,0
194,1043,7363,0
663,767,1203,0
831,229,2527,0
420,559,3453,0
734,1162,2592,0
130,239,7883,0
526,554,499,0
937,187,531,0
480,1165,7586,0
959,559,184,0
586,573,3493,0
540,1031,2661,0
264,849,463,0
611,591,686,0
68,991,4110,0
431,575,556,0
273,1119,2796,0
380,693,7181,0
1,462,7343,0
545,3,1682,0
100,1095,3377,0
99,584,332,0
62,458,7364,0
45,872,238,0
122,268,7268,0
745,265,1297,0
600,406,3490,0
809,1095,3781,0
430,346,5590,0
933,1031,3915,0
364,530,7363,0
601,606,7377,0
199,367,460,0
790,928,1210,0
751,248,554,0
151,817,369,0
900,160,7944,0
24,918,212,0
436,241,206,0
729,347,835,0
31,668,2570,0
292,208,766,0
625,1044,1045,0
189,1096,5654,0
469,1165,3835,0
310,1074,3183,0
103,591,461,0
755,262,254,0
161,764,540,0
878,249,551,0
355,1142,7272,0
627,686,655,0
936,949,459,0
424,1100,4821,0
39,676,244,0
977,151,5752,0
63,198,473,0
29,1056,2414,0
804,218,354,0
209,283,1335,0
827,1123,3780,0
923,187,615,0
560,610,415,0
274,253,251,0
730,323,7937,0
134,1098,5868,0
394,461,425,0
261,421,7898,0
767,326,595,0
914,379,782,0
874,226,533,0
830,886,445,0
352,226,217,0
597,611,372,0
88,698,466,0
115,478,595,0
210,653,464,0
563,562,2769,0
106,457,669,0
409,1155,7965,0
396,1023,2220,0
851,320,456,0
824,316,4812,0
15,314,7348,0
513,474,215,0
609,726,780,0
229,278,1341,0
557,1093,464,0
350,314,7956,0
626,358,232,0
414,684,240,0
594,761,1284,0
72,247,1355,0
341,1135,7436,0
336,348,1327,0
65,668,1353,0
408,1178,8002,0
828,924,913,0
517,394,2538,0
150,1075,7571,0
832,381,466,0
268,397,7350,0
488,857,951,0
17,1107,1268,0
780,406,5583,0
83,347,204,0
277,198,1240,0
123,1128,3064,0
421,203,1190,0
861,384,2612,0
343,576,7300,0
759,256,318,0
815,188,744,0
641,945,7705,0
290,1126,4861,0
509,76,8344,0
949,1126,7574,0
127,547,591,0
588,592,439,0
587,991,7313,0
921,1050,1045,0
49,1071,7366,0
826,217,679,0
104,662,659,0
491,232,662,0
367,1024,7376,0
185,760,681,0
258,323,2718,0
97,470,566,0
33,246,755,0
233,417,439,0
608,1127,3495,0
291,1019,3523,0
203,227,1190,0
139,245,469,0
891,1048,4943,0
706,532,7267,0
467,265,7339,0
46,23,8733,0
496,676,7303,0
746,434,728,0
704,308,2470,0
835,186,406,0
975,79,1852,0
365,422,7285,0
244,551,545,0
955,355,583,0
102,1023,88,0
598,249,770,0
0,1145,7076,0
632,698,841,0
854,1018,7883,0
658,433,7745,0
146,954,7378,0
42,248,544,0
474,602,7353,0
995,767,459,0
74,229,681,0
440,497,185,0
400,143,854,0
331,253,597,0
166,98,8527,0
235,212,5576,0
810,251,7327,0
648,181,7921,0
478,916,1239,0
486,1165,7334,0
795,438,811,0
301,358,944,0
176,444,1015,0
57,241,839,0
940,460,1336,0
983,865,854,0
934,1098,7531,0
8,1023,7077,0
777,196,211,0
84,444,754,0
256,212,7570,0
294,832,1340,0
719,186,413,0
184,718,245,0
402,88,2266,0
314,769,426,0
378,1129,470,0
463,88,87,0
813,53,2227,0
58,582,3443,0
962,89,8559,0
487,235,472,0
945,559,1070,0
565,329,4940,0
679,419,7705,0
468,763,1347,0
515,156,4379,0
987,81,8688,0
897,1100,7310,0
713,775,7509,0
556,814,1120,0
989,602,1100,0
516,927,453,0
96,1134,2643,0
2,1095,7689,0
269,48,7185,0
512,227,1193,0
318,659,188,0
677,147,7277,0
848,186,201,0
388,394,1179,0
650,507,695,0
577,767,7368,0
683,432,7935,0
858,456,531,0
422,584,342,0
520,768,7379,0
849,1128,7306,0
13,262,552,0
525,1027,2767,0
642,315,2661,0
34,1123,3913,0
171,871,349,0
6,294,7745,0
253,248,369,0
549,419,8006,0
703,506,7302,0
108,1037,5704,0
764,204,822,0
711,440,335,0
251,208,7288,0
981,286,2638,0
263,267,661,0
41,991,3510,0
696,777,7705,0
105,1027,3194,0
887,1064,1308,0
26,832,381,0
579,1098,7935,0
425,219,354,0
153,195,584,0
143,449,1246,0
859,421,7627,0
385,731,673,0
270,667,349,0
774,285,7965,0
505,241,1211,0
698,726,1335,0
898,440,7075,0
618,684,541,0
329,64,7705,0
533,48,3553,0
397,594,186,0
681,1074,1104,0
287,93,7757,0
932,1105,755,0
316,613,217,0
1000,7488,3327,1
1001,7190,8528,1
1002,7608,3781,1
1003,8531,8539,1
1004,7517,7509,1
1005,2305,2103,1
1006,7071,7034,1
1007,2058,8474,1
1008,7716,4408,1
1009,1642,7038,1
1010,8518,8526,1
1011,7603,8670,1
1012,5787,5788,1
1013,3313,3311,1
1014,8526,8524,1
1015,7779,4983,1
1016,2730,2753,1
1017,7406,8436,1
1018,7224,7721,1
1019,8346,8332,1
1020,4242,7713,1
1021,8518,8497,1
1022,4485,4457,1
1023,8507,8522,1
1024,7562,3213,1
1025,8524,8507,1
1026,1525,4384,1
1027,7424,2920,1
1028,3361,7488,1
1029,3444,3443,1
1030,8742,8734,1
1031,7220,8766,1
1032,8526,8512,1
1033,2993,8359,1
1034,8512,8528,1
1035,7566,3513,1
1036,4457,4469,1
1037,7198,7989,1
1038,7356,7896,1
1039,8520,8512,1
1040,4384,4410,1
1041,7453,7451,1
1042,7198,7909,1
1043,3476,3373,1
1044,2677,2711,1
1045,4221,7688,1
1046,698,685,1
1047,1593,7417,1
1048,2549,4073,1
1049,8512,8537,1
1050,7717,1842,1
1051,7767,4875,1
1052,7608,3752,1
1053,7345,7517,1
1054,7747,4738,1
1055,7380,8272,1
1056,8725,8723,1
1057,2921,2942,1
1058,8498,8526,1
1059,7185,8334,1
1060,4841,7774,1
1061,8369,7183,1
1062,4928,7471,1
1063,8533,8525,1
1064,8522,8525,1
1065,1176,7436,1
1066,4418,7716,1
1067,7190,8538,1
1068,5039,7794,1
1069,8505,8526,1
1070,1432,7615,1
1071,8484,7185,1
1072,7487,2571,1
1073,8525,8510,1
1074,7431,7205,1
1075,7384,1554,1
1076,7922,7931,1
1077,7234,7053,1
1078,3247,3248,1
1079,4489,4394,1
1080,7566,1126,1
1081,1979,7437,1
1082,3476,3416,1
1083,3293,2436,1
1084,7628,3266,1
1085,4714,7742,1
1086,7488,3418,1
1087,7568,7151,1
1088,7840,5425,1
1089,3388,7488,1
1090,2436,5246,1
1091,1137,1136,1
1092,4443,4466,1
1093,8533,8510,1
1094,7100,7563,1
1095,8684,7208,1
1096,8528,8539,1
1097,7556,2993,1
1098,7547,7586,1
1099,7220,7053,1
1100,801,456,1
1101,1916,5139,1
1102,3259,7549,1
1103,8581,88,1
1104,3058,7471,1
1105,7220,8742,1
1106,7556,7572,1
1107,7205,8595,1
1108,7443,2436,1
1109,8539,8497,1
1110,8520,8507,1
1111,2524,7509,1
1112,8518,8526,1
1113,3785,7619,1
1114,4469,1525,1
1115,4388,4489,1
1116,1218,7376,1
1117,1724,2331,1
1118,2436,5260,1
1119,4211,7688,1
1120,8505,8507,1
1121,2340,1724,1
1122,7710,4333,1
1123,8497,8492,1
1124,170,191,1
1125,4466,4395,1
1126,5131,8273,1
1127,265,7267,1
1128,7882,7883,1
1129,8615,8617,1
1130,8761,8704,1
1131,3281,7487,1
1132,7831,5247,1
1133,2399,1873,1
1134,2383,7503,1
1135,2990,2988,1
1136,7207,8634,1
1137,227,689,1
1138,7301,955,1
1139,8520,8497,1
1140,7742,4607,1
1141,8538,8507,1
1142,3349,3353,1
1143,7619,7110,1
1144,2251,8581,1
1145,1964,5285,1
1146,7353,458,1
1147,497,7314,1
1148,8524,8522,1
1149,1853,1863,1
1150,7053,7220,1
1151,8498,8538,1
1152,7985,7198,1
1153,4148,4144,1
1154,7197,89,1
1155,1980,7458,1
1156,8237,7167,1
1157,8507,8505,1
1158,3349,3355,1
1159,4480,4384,1
1160,8526,8514,1
1161,74,64,1
1162,7542,7101,1
1163,7608,7198,1
1164,7190,8522,1
1165,1770,7188,1
1166,8522,8505,1
1167,7289,7711,1
1168,7310,7941,1
1169,7570,8421,1
1170,7386,1566,1
1171,8345,8332,1
1172,7509,1037,1
1173,3349,3353,1
1174,8512,8518,1
1175,7562,7565,1
1176,8498,8497,1
1177,7840,5413,1
1178,5259,5302,1
1179,1986,7437,1
1180,3418,3349,1
1181,1050,7315,1
1182,7509,2730,1
1183,2971,2978,1
1184,7185,8332,1
1185,7190,8505,1
1186,3363,3384,1
1187,8748,7220,1
1188,8507,8494,1
1189,8526,8524,1
1190,7487,7898,1
1191,5234,2436,1
1192,7717,4503,1
1193,7672,7509,1
1194,2497,7867,1
1195,4457,4394,1
1196,3390,3353,1
1197,2701,2702,1
1198,8526,8510,1
1199,7779,4985,1
1200,4461,7716,1
1201,7756,985,1
1202,7771,7942,1
1203,7570,8416,1
1204,5021,7794,1
1205,8512,8518,1
1206,7364,517,1
1207,7234,8573,1
1208,7314,7272,1
1209,3416,3353,1
1210,7570,8439,1
1211,1598,5344,1
1212,2921,2941,1
1213,7859,7942,1
1214,4436,4485,1
1215,4767,4778,1
1216,7626,7437,1
1217,4412,4388,1
1218,1119,2767,1
1219,7500,7451,1
1220,8520,8537,1
1221,7523,2799,1
1222,8533,8526,1
1223,7771,7509,1
1224,2266,8328,1
1225,7077,1381,1
1226,1600,7417,1
1227,3213,7562,1
1228,559,7365,1
1229,7517,7345,1
1230,7537,7528,1
1231,7463,2024,1
1232,4418,4457,1
1233,8579,2065,1
1234,3492,3390,1
1235,1523,1462,1
1236,7931,5822,1
1237,7851,8518,1
1238,7277,7586,1
1239,8492,8537,1
1240,2951,2934,1
1241,7488,3353,1
1242,8525,8522,1
1243,4353,7710,1
1244,7310,459,1
1245,729,728,1
1246,8526,8539,1
1247,8520,8524,1
1248,3311,3313,1
1249,8498,8497,1
1250,565,7365,1
1251,7167,8260,1
1252,7727,4639,1
1253,1556,1557,1
1254,8003,7198,1
1255,8192,7253,1
1256,7717,4499,1
1257,7727,4605,1
1258,1523,1524,1
1259,4004,8002,1
1260,8492,7190,1
1261,7272,234,1
1262,132,7375,1
1263,8538,8539,1
1264,2549,4070,1
1265,3320,7488,1
1266,2943,2945,1
1267,7566,3528,1
1268,2193,2275,1
1269,7461,8586,1
1270,7183,8431,1
1271,4894,7767,1
1272,566,7314,1
1273,7353,473,1
1274,5689,7867,1
1275,7829,5129,1
1276,7728,3441,1
1277,7710,4345,1
1278,7532,7576,1
1279,1880,7479,1
1280,3683,7615,1
1281,4639,3498,1
1282,4483,4492,1
1283,8781,7053,1
1284,7941,1782,1
1285,8369,7183,1
1286,2436,5188,1
1287,7744,7921,1
1288,7428,1665,1
1289,7947,7198,1
1290,7376,1307,1
1291,7185,8414,1
1292,8505,8498,1
1293,7220,8730,1
1294,8512,8531,1
1295,8736,8742,1
1296,591,7375,1
1297,7605,3675,1
1298,7779,4981,1
1299,7487,3267,1
1300,8539,8510,1
1301,8655,8671,1
1302,8268,1854,1
1303,4017,2549,1
1304,7100,7437,1
1305,7416,7077,1
1306,4137,4134,1
1307,8505,8538,1
1308,7376,1320,1
1309,462,893,1
1310,7878,7174,1
1311,5033,5038,1
1312,7488,3327,1
1313,7867,5649,1
1314,8531,8494,1
1315,7488,3333,1
1316,7854,5593,1
1317,1652,1653,1
1318,8369,8244,1
1319,1724,2350,1
1320,7626,7040,1
1321,2678,7521,1
1322,8540,8512,1
1323,571,7314,1
1324,5825,7869,1
1325,5752,7878,1
1326,2104,2275,1
1327,7488,3388,1
1328,8328,7434,1
1329,8540,8524,1
1330,8528,8522,1
1331,3361,3418,1
1332,7643,7655,1
1333,7100,7567,1
1334,5868,7883,1
1335,1527,1528,1
1336,8498,8492,1
1337,7521,2701,1
1338,8522,8512,1
1339,7310,7949,1
1340,8533,8494,1
1341,7710,4341,1
1342,4396,7716,1
1343,7539,7101,1
1344,7190,8505,1
1345,8526,8538,1
1346,2549,4025,1
1347,8460,7185,1
1348,7851,8505,1
1349,8538,8497,1
1350,4388,4407,1
1351,3837,8781,1
1352,7207,8629,1
1353,5733,7867,1
1354,2973,7548,1
1355,7851,8520,1
1356,3418,3355,1
1357,961,832,1
1358,7224,18,1
1359,8505,8525,1
1360,8581,8386,1
1361,8492,8538,1
1362,4418,4481,1
1363,8505,8507,1
1364,592,594,1
1365,7851,8512,1
1366,7562,7424,1
1367,7759,1336,1
1368,7867,5702,1
1369,2103,1858,1
1370,1247,7363,1
1371,7721,3832,1
1372,4481,4443,1
1373,4640,7747,1
1374,1914,7437,1
1375,7487,3266,1
1376,2581,4072,1
1377,918,462,1
1378,8533,8537,1
1379,703,693,1
1380,8540,8528,1
1381,7563,7464,1
1382,8581,2240,1
1383,538,7314,1
1384,7272,225,1
1385,7053,7234,1
1386,2952,7547,1
1387,7183,8369,1
1388,5707,7867,1
1389,309,7306,1
1390,2436,5320,1
1391,7406,8436,1
1392,3311,3321,1
1393,8512,8526,1
1394,3683,3710,1
1395,7799,5284,1
1396,7619,3801,1
1397,8573,7234,1
1398,2673,2677,1
1399,8528,8510,1
1400,8651,7208,1
1401,7716,4398,1
1402,7509,2767,1
1403,7272,7376,1
1404,8522,8539,1
1405,2921,7380,1
1406,8761,8704,1
1407,1266,7363,1
1408,5786,5787,1
1409,761,762,1
1410,4481,4457,1
1411,7765,2692,1
1412,5056,5028,1
1413,7487,1649,1
1414,8537,8520,1
1415,2940,7547,1
1416,294,7306,1
1417,7356,7517,1
1418,8531,8524,1
1419,7253,7941,1
1420,7859,5507,1
1421,4286,7702,1
1422,5021,7794,1
1423,3388,3476,1
1424,7522,7208,1
1425,8533,8524,1
1426,129,130,1
1427,7688,4205,1
1428,4414,4443,1
1429,7547,2926,1
1430,5324,5325,1
1431,1388,1382,1
1432,7619,3803,1
1433,4388,4469,1
1434,3347,3390,1
1435,5424,7840,1
1436,8520,8540,1
1437,8412,7185,1
1438,8704,8748,1
1439,1220,1221,1
1440,8581,1853,1
1441,7931,7198,1
1442,7908,7909,1
1443,3384,7566,1
1444,8581,2300,1
1445,3353,3355,1
1446,4466,7716,1
1447,8537,8538,1
1448,7509,2719,1
1449,7586,273,1
1450,8207,7163,1
1451,7198,7517,1
1452,7851,8492,1
1453,8498,8537,1
1454,8520,8539,1
1455,8540,8505,1
1456,7998,7605,1
1457,7058,7174,1
1458,7300,7272,1
1459,2549,4176,1
1460,7110,7617,1
1461,3388,3373,1
1462,3420,3373,1
1463,7467,3037,1
1464,4482,4454,1
1465,1888,1892,1
1466,7719,7716,1
1467,4226,7688,1
1468,7454,1824,1
1469,3297,7488,1
1470,2470,7509,1
1471,7325,302,1
1472,7076,7356,1
1473,2672,2671,1
1474,912,7710,1
1475,7869,5907,1
1476,7757,4545,1
1477,1803,7443,1
1478,8396,8397,1
1479,3266,7487,1
1480,180,7296,1
1481,7418,1953,1
1482,1804,3014,1
1483,8520,8531,1
1484,7144,7643,1
1485,3349,3418,1
1486,7377,7353,1
1487,566,606,1
1488,8512,8526,1
1489,2087,2086,1
1490,8526,8524,1
1491,574,566,1
1492,7941,7436,1
1493,3858,7400,1
1494,1985,1986,1
1495,7364,505,1
1496,198,644,1
1497,7488,3349,1
1498,7775,4960,1
1499,1512,7384,1
1500,7570,3558,1
1501,7488,2508,1
1502,8538,8525,1
1503,5667,5649,1
1504,8538,8494,1
1505,7368,615,1
1506,7380,5442,1
1507,7586,341,1
1508,3910,7628,1
1509,8510,8505,1
1510,8591,7205,1
1511,3390,3349,1
1512,263,195,1
1513,265,7314,1
1514,8507,8533,1
1515,7189,8474,1
1516,3373,3353,1
1517,2711,2662,1
1518,3297,4770,1
1519,7435,7437,1
1520,7053,7220,1
1521,7852,5557,1
1522,7198,7965,1
1523,8494,8507,1
1524,8505,8533,1
1525,7547,2930,1
1526,7851,8526,1
1527,7974,3203,1
1528,7488,3347,1
1529,8524,8498,1
1530,7896,7893,1
1531,1176,7436,1
1532,7548,2987,1
1533,7075,7296,1
1534,7766,4934,1
1535,3394,3492,1
1536,186,184,1
1537,4395,4436,1
1538,7851,8505,1
1539,2701,7803,1
1540,2399,2436,1
1541,8518,8520,1
1542,7463,8579,1
1543,4974,4841,1
1544,5021,5066,1
1545,8334,7185,1
1546,7586,7363,1
1547,3075,7467,1
1548,2926,8576,1
1549,8526,8540,1
1550,7190,8512,1
1551,7774,7747,1
1552,7721,3848,1
1553,7654,7144,1
1554,7296,253,1
1555,7988,316,1
1556,5343,5342,1
1557,7313,447,1
1558,8742,8736,1
1559,7851,7634,1
1560,7366,1159,1
1561,3355,3361,1
1562,2553,4144,1
1563,7830,2399,1
1564,7188,7101,1
1565,8518,8531,1
1566,8507,7190,1
1567,3340,3335,1
1568,7765,4872,1
1569,5725,7867,1
1570,5373,5365,1
1571,1193,7376,1
1572,5573,7852,1
1573,8520,8525,1
1574,8439,8434,1
1575,2573,2580,1
1576,7220,8733,1
1577,1012,7342,1
1578,7472,3081,1
1579,2945,2944,1
1580,198,673,1
1581,1325,7586,1
1582,7443,1803,1
1583,5445,5442,1
1584,7931,7930,1
1585,5046,5047,1
1586,8520,8528,1
1587,7716,4445,1
1588,2168,2253,1
1589,3813,3752,1
1590,7310,369,1
1591,8526,8528,1
1592,8539,8522,1
1593,8512,8494,1
1594,8498,8518,1
1595,187,7310,1
1596,7566,3427,1
1597,2436,2413,1
1598,8526,8514,1
1599,7487,2582,1
1600,7659,4024,1
1601,8518,8510,1
1602,8540,8505,1
1603,8525,8520,1
1604,3067,7467,1
1605,3848,3854,1
1606,7615,3724,1
1607,7363,7325,1
1608,7509,2768,1
1609,912,7710,1
1610,4843,4842,1
1611,8271,7437,1
1612,7941,7898,1
1613,7224,7220,1
1614,5787,5790,1
1615,7556,7188,1
1616,8540,8526,1
1617,7368,613,1
1618,7457,7461,1
1619,2700,7766,1
1620,5834,5832,1
1621,7716,4462,1
1622,3349,3416,1
1623,8581,1853,1
1624,8492,8507,1
1625,7488,3361,1
1626,8497,8528,1
1627,4384,4411,1
1628,7898,7487,1
1629,4456,7716,1
1630,7522,7916,1
1631,3535,7566,1
1632,2718,7779,1
1633,2475,1037,1
1634,7127,7779,1
1635,7198,7996,1
1636,7532,2833,1
1637,7523,2828,1
1638,7363,212,1
1639,2718,7727,1
1640,3373,3390,1
1641,7076,7377,1
1642,8494,8528,1
1643,3349,3355,1
1644,2436,7435,1
1645,3189,7487,1
1646,7100,1806,1
1647,1793,7451,1
1648,7961,7887,1
1649,7608,3790,1
1650,7376,1295,1
1651,2414,2436,1
1652,760,761,1
1653,5017,7794,1
1654,777,456,1
1655,3160,7487,1
1656,8524,7190,1
1657,8538,7190,1
1658,3134,3132,1
1659,7778,4965,1
1660,8504,7190,1
1661,1793,7451,1
1662,7854,5586,1
1663,7523,7914,1
1664,7190,8497,1
1665,1986,7830,1
1666,4395,4483,1
1667,4226,7688,1
1668,8359,7556,1
1669,2971,2988,1
1670,8512,8497,1
1671,1155,7619,1
1672,8531,8533,1
1673,2662,7509,1
1674,2684,2711,1
1675,3353,3355,1
1676,7941,7436,1
1677,8565,7205,1
1678,7417,1600,1
1679,7541,7518,1
1680,2582,3279,1
1681,4409,4486,1
1682,34,7224,1
1683,7774,4995,1
1684,8430,1531,1
1685,3388,3420,1
1686,3186,7921,1
1687,7985,7854,1
1688,1828,7454,1
1689,1007,7342,1
1690,2215,2216,1
1691,3353,3361,1
1692,7488,3335,1
1693,7189,8478,1
1694,7765,7434,1
1695,162,7289,1
1696,7854,7878,1
1697,8237,7167,1
1698,7988,1100,1
1699,2201,2117,1
1700,8581,2200,1
1701,7365,567,1
1702,8581,2321,1
1703,2622,2627,1
1704,7509,2784,1
1705,1970,1972,1
1706,8528,8540,1
1707,3327,3328,1
1708,3418,3420,1
1709,77,73,1
1710,534,7364,1
1711,3448,3427,1
1712,7431,7464,1
1713,8524,8497,1
1714,8510,8533,1
1715,8272,7556,1
1716,2713,7521,1
1717,7119,7721,1
1718,7901,7996,1
1719,3293,3873,1
1720,3442,7566,1
1721,3832,8781,1
1722,1078,7517,1
1723,7523,7198,1
1724,1725,7464,1
1725,8494,8537,1
1726,8268,7180,1
1727,3812,1136,1
1728,8524,8526,1
1729,7301,948,1
1730,3416,3361,1
1731,8525,8505,1
1732,4116,4115,1
1733,4395,4446,1
1734,8526,8537,1
1735,4857,7767,1
1736,7659,4024,1
1737,2943,2921,1
1738,8512,8518,1
1739,4543,7756,1
1740,3394,3349,1
1741,4025,2549,1
1742,7615,3661,1
1743,2414,7562,1
1744,3353,3361,1
1745,4381,7711,1
1746,712,7300,1
1747,8538,8497,1
1748,7496,7567,1
1749,7185,8439,1
1750,7190,7851,1
1751,5786,5788,1
1752,8528,8525,1
1753,7562,7564,1
1754,2937,2926,1
1755,7655,4141,1
1756,7452,7508,1
1757,7619,7942,1
1758,2208,8581,1
1759,5186,1953,1
1760,4475,4474,1
1761,7376,1255,1
1762,1986,1992,1
1763,7185,8440,1
1764,3420,3361,1
1765,7363,7325,1
1766,7511,1466,1
1767,8540,8512,1
1768,7774,4974,1
1769,7869,5896,1
1770,7354,1142,1
1771,3471,588,1
1772,7570,7185,1
1773,8214,2926,1
1774,245,7296,1
1775,2662,2661,1
1776,7744,1109,1
1777,571,566,1
1778,2502,7517,1
1779,5583,1795,1
1780,7716,4431,1
1781,8657,7208,1
1782,7717,4515,1
1783,7424,1920,1
1784,8497,8525,1
1785,1853,2104,1
1786,315,7517,1
1787,2597,7487,1
1788,2207,8581,1
1789,2568,2711,1
1790,3183,7759,1
1791,1916,5139,1
1792,4398,4443,1
1793,3246,7487,1
1794,8507,8533,1
1795,3361,3492,1
1796,4883,7767,1
1797,8667,8655,1
1798,7688,4235,1
1799,7208,8665,1
1800,1889,1892,1
1801,7716,4425,1
1802,8533,8492,1
1803,4427,4466,1
1804,8494,8505,1
1805,4443,4430,1
1806,556,530,1
1807,7434,8328,1
1808,4143,4023,1
1809,4409,4481,1
1810,7522,2740,1
1811,5787,5786,1
1812,1188,1234,1
1813,4443,4414,1
1814,2860,2859,1
1815,8540,8494,1
1816,8748,7220,1
1817,8505,8522,1
1818,462,906,1
1819,3361,3355,1
1820,3288,7759,1
1821,3947,7628,1
1822,8522,8540,1
1823,7774,7797,1
1824,8505,8538,1
1825,3347,7488,1
1826,8533,8531,1
1827,2175,2298,1
1828,1372,1397,1
1829,7774,3519,1
1830,8526,7851,1
1831,8581,2212,1
1832,1203,7376,1
1833,7406,1526,1
1834,1188,1231,1
1835,7771,4958,1
1836,5026,7794,1
1837,3327,7488,1
1838,7756,4558,1
1839,7721,3834,1
1840,459,198,1
1841,7509,811,1
1842,8416,7570,1
1843,8540,8528,1
1844,8518,8531,1
1845,4457,1525,1
1846,2436,5243,1
1847,2799,7523,1
1848,7851,8268,1
1849,5021,7794,1
1850,1793,7451,1
1851,7852,5332,1
1852,3361,3349,1
1853,7458,1980,1
1854,5736,7867,1
1855,8494,8492,1
1856,8537,8510,1
1857,7509,2649,1
1858,7443,1803,1
1859,7325,7363,1
1860,8533,8538,1
1861,3805,7619,1
1862,7488,3347,1
1863,7794,5021,1
1864,7345,1069,1
1865,8730,8725,1
1866,3014,1804,1
1867,198,677,1
1868,3964,7630,1
1869,3353,3347,1
1870,919,784,1
1871,7509,2635,1
1872,3832,7400,1
1873,7859,5507,1
1874,7488,3420,1
1875,7314,263,1
1876,2657,7592,1
1877,8002,5727,1
1878,335,7304,1
1879,8539,8526,1
1880,7330,1107,1
1881,3151,3142,1
1882,2436,5247,1
1883,8576,8214,1
1884,3373,3420,1
1885,7901,7936,1
1886,7964,7198,1
1887,8494,8531,1
1888,7727,4616,1
1889,7509,2607,1
1890,7483,7208,1
1891,5903,7869,1
1892,1236,1188,1
1893,3321,3313,1
1894,7941,7436,1
1895,7881,5763,1
1896,4955,7771,1
1897,7548,2990,1
1898,4539,7757,1
1899,1523,1525,1
1900,8497,8518,1
1901,1853,1852,1
1902,7866,5660,1
1903,8167,7253,1
1904,8434,7185,1
1905,7496,3142,1
1906,7727,4652,1
1907,545,546,1
1908,456,806,1
1909,7711,7710,1
1910,198,7300,1
1911,8520,8522,1
1912,961,844,1
1913,7794,5033,1
1914,2487,7570,1
1915,7563,3291,1
1916,4492,4457,1
1917,7936,1078,1
1918,8507,8533,1
1919,8498,8505,1
1920,3558,3557,1
1921,3353,3347,1
1922,7076,7377,1
1923,2398,2399,1
1924,4664,7728,1
1925,8522,8531,1
1926,564,1126,1
1927,7994,7988,1
1928,3848,3856,1
1929,7840,5429,1
1930,8539,8540,1
1931,7487,7898,1
1932,3353,7488,1
1933,7458,1981,1
1934,8505,8528,1
1935,8507,8498,1
1936,7745,4839,1
1937,7716,4410,1
1938,3313,3311,1
1939,8539,8525,1
1940,8323,8484,1
1941,8540,8498,1
1942,8006,7436,1
1943,7076,7327,1
1944,7840,5401,1
1945,2531,7517,1
1946,5557,7852,1
1947,7314,195,1
1948,3416,3390,1
1949,8766,8704,1
1950,4974,4990,1
1951,5139,1916,1
1952,5832,5825,1
1953,555,7314,1
1954,3418,3420,1
1955,3347,3349,1
1956,8758,8734,1
1957,2990,2978,1
1958,456,7353,1
1959,7144,7643,1
1960,8518,8512,1
1961,7363,1226,1
1962,7460,2010,1
1963,3517,7566,1
1964,5027,7794,1
1965,8436,8435,1
1966,7855,7410,1
1967,7436,7972,1
1968,2436,1910,1
1969,7878,7881,1
1970,8525,8520,1
1971,7306,294,1
1972,8579,7851,1
1973,4855,4997,1
1974,2175,2176,1
1975,8507,8518,1
1976,5138,1916,1
1977,7586,204,1
1978,8525,8524,1
1979,4492,4489,1
1980,7364,7075,1
1981,7765,2700,1
1982,3431,7727,1
1983,8533,8539,1
1984,2703,7509,1
1985,3458,3385,1
1986,7203,8554,1
1987,1566,7386,1
1988,3832,7053,1
1989,8207,7163,1
1990,2934,2214,1
1991,7271,170,1
1992,7348,404,1
1993,2606,7517,1
1994,1078,7608,1
1995,816,962,1
1996,8214,2926,1
1997,3142,3137,1
1998,1078,7936,1
1999,7253,8161,1
